id,category,text
health_8,health,Walking thirty minutes a day can lower blood pressure and reduce stress.
technology_8,technology,The startup launched a new app that uses voice commands to control devices.
politics_9,politics,Diplomats from both nations met to discuss a new trade agreement.
sports_11,sports,The young striker signed a new contract with the top football club.
technology_1,technology,Artificial intelligence is transforming how businesses process large amounts of data.
technology_5,technology,Cloud computing allows companies to store and access data over the internet.
politics_10,politics,The opposition criticized the government for its handling of the economy.
politics_13,politics,Political leaders signed a peace deal to end the long running conflict.
health_3,health,Getting enough sleep each night is important for a strong immune system.
technology_4,technology,The laptop has a long battery life and a bright high resolution display.
sports_9,sports,The boxing match ended in a knockout in the fifth round of the fight.
health_6,health,Mental health is just as important as physical health for a happy life.
health_1,health,Regular exercise helps reduce the risk of heart disease and diabetes.
politics_0,politics,The government announced a new policy to reduce taxes for small businesses.
health_0,health,Eating fresh fruits and vegetables every day improves your overall health.
politics_4,politics,The minister promised to build more schools and hospitals in rural areas.
sports_3,sports,Fans cheered loudly as the athletes crossed the finish line at the stadium.
technology_6,technology,The programmer wrote clean code to build the mobile application quickly.
politics_5,politics,The election results showed a close race between the two main candidates.
sports_4,sports,The coach praised the players for their hard work during the training season.
technology_14,technology,The company built a fast database to handle millions of user requests.
sports_10,sports,The hockey team defended their goal well and won the league trophy.
politics_14,politics,The senate voted on the new law after a long and heated discussion.
technology_7,technology,Machine learning models can predict outcomes by learning from past data.
health_11,health,The hospital opened a new clinic to treat patients with heart problems.
technology_9,technology,Cybersecurity experts warned users about a new type of computer virus.
sports_0,sports,The football team won the championship after a thrilling final match last night.
health_14,health,A healthy lifestyle includes good food regular exercise and enough rest.
technology_10,technology,The robot uses sensors and cameras to move around the factory safely.
politics_7,politics,Citizens protested peacefully against the rise in fuel and food prices.
technology_3,technology,Engineers developed a new algorithm to make the network run more efficiently.
technology_13,technology,Data scientists analyze huge datasets to find useful patterns and insights.
health_9,health,Researchers found that meditation can help reduce anxiety and improve focus.
technology_11,technology,Developers released an open source library for building web applications.
politics_3,politics,The two parties debated the new law during the parliament session today.
sports_12,sports,The referee blew the whistle and the players left the field after the match.
health_5,health,A balanced diet with less sugar can help control body weight over time.
health_12,health,Eating too much fast food can lead to serious health problems later.
health_2,health,Doctors recommend drinking enough water to keep the body well hydrated.
politics_8,politics,The council passed a bill to improve roads and public services in the city.
sports_13,sports,The Olympic gold medal was awarded to the fastest sprinter in the world.
politics_1,politics,The president gave a speech about the economy and future national plans.
politics_12,politics,The mayor announced a plan to reduce pollution in the capital city.
sports_2,sports,The cricket player hit a century and broke the previous batting record.
technology_12,technology,The chip manufacturer announced a smaller and more powerful processor design.
health_7,health,The nurse advised the patient to take the medicine after every meal.
sports_5,sports,Her tennis serve was powerful and she won the grand slam title easily.
health_4,health,The new vaccine was tested carefully before it was approved for use.
politics_6,politics,The new budget focuses on education healthcare and public transportation.
health_13,health,The therapist helped the patient recover strength after the surgery.
sports_6,sports,The marathon runner trained for months before the big race this weekend.
politics_11,politics,The court made an important ruling on the new immigration policy today.
sports_8,sports,The swimmer set a new world record in the freestyle event at the games.
sports_14,sports,The team captain lifted the trophy as the crowd celebrated the win.
technology_0,technology,The new smartphone features a faster processor and a better camera system.
technology_2,technology,The software update fixes several security bugs and improves performance.
politics_2,politics,Voters went to the polls to elect a new leader for the country.
sports_1,sports,He scored three goals and led his team to victory in the tournament.
sports_7,sports,The basketball team made a strong comeback in the final quarter of the game.
health_10,health,Washing your hands often helps prevent the spread of common infections.
